Franchise Owner Name,Legal Corporate Name,Corporate Address,Corporate Phone Number,Corporate Email,Franchise Owner LinkedIn URL,Source URLs
"Hagan, John","Hagan, John LLC","1524 Hewitt Drive, Waco, TX",(254) 230-0266,info@haganjohn.com,https://www.linkedin.com/pub/dir/Hagan/John,https://www.linkedin.com/pub/dir/Hagan/John; https://www.linkedin.com/in/john-hagan-a3b4064; https://www.linkedin.com/in/jonathan-hagan-1b5095121
"Hagan, John","Hagan, John LLC","1602 S Bridge, Brady, TX",(325) 597-5333,info@haganjohn.com,https://www.linkedin.com/in/brady-hagan-67a2457,https://www.linkedin.com/in/brady-hagan-67a2457; https://www.linkedin.com/in/john-brady-348500134; https://www.linkedin.com/in/brady-hagan-14653715b
"Adam Fried Chicken, LLC","Adam Fried Chicken, LLC","1714 East 14th Street, Plano, TX",(972) 424-4653,info@adamfriedchickenllc.com,https://www.linkedin.com/company/tastybrandslp,https://www.linkedin.com/company/tastybrandslp; https://lu.linkedin.com/company/tastybrandslp; https://es.linkedin.com/company/tastybrandslp?trk=similar-pages_result-card_full-click
"Kallos 153, Inc.","Kallos 153, Inc.","1001 W. University, McKinney, TX",(972) 548-9600,info@kallos153inc..com,https://www.linkedin.com/in/alysha-mmamud,https://www.linkedin.com/in/alysha-mmamud; https://www.linkedin.com/in/clinthatton; https://www.linkedin.com/in/brian-bullock
"AIG-A Foods Enterprises,
LLC","AIG-A Foods Enterprises,
LLC","2620 Highland Dr., Acton, TX",(817) 326-2002,"info@aig-afoodsenterprises
llc.com",https://www.linkedin.com/company/aig,https://www.linkedin.com/company/aig; https://www.linkedin.com/company/aig-int; https://www.linkedin.com/in/tonyeggleston
NJ Golden Tree LLC,NJ Golden Tree LLC,"1610 N Center, Bonham, TX",(903) 583-8300,info@njgoldentreellc.com,https://www.linkedin.com/company/goldentree-asset-management,https://www.linkedin.com/company/goldentree-asset-management; https://www.linkedin.com/company/golden-tree; https://ocp.dc.gov/sites/default/files/dc/sites/ocp/publication/attachments/Report%20of%20Contracting%20Activity%20-%20Part%20I%20-%20January%2015%202018_0.pdf
"Bo Stover, LLC","Bo Stover, LLC","1706 West 2^{nd} Street, Taylor, TX",(512) 309-4710,info@bostoverllc.com,https://www.linkedin.com/in/bo-stover-54582226,https://www.linkedin.com/in/bo-stover-54582226; https://www.linkedin.com/in/gwsiii; https://www.linkedin.com/pub/dir/Bo/Stover
"Evergreen International
LLC","Evergreen International
LLC","12588 E. Bandera Rd., Helotes, TX",(210) 695-1800,"info@evergreeninternational
llc.com",https://www.linkedin.com/company/evergreen-international-limited,https://www.linkedin.com/company/evergreen-international-limited; https://www.linkedin.com/in/raul-correa-a98268b; https://www.linkedin.com/in/robert-trivino-29b60318
Ben-Brac Ltd.,Ben-Brac Ltd. LLC,"811 Brown, Hearne, TX",(979) 279-5652,info@ben-bracltd..com,https://www.linkedin.com/in/benhearne,https://www.linkedin.com/in/benhearne; https://www.oxfordmusiconline.com/page/1703; https://www.jsg.utexas.edu/news/files/newsletter2015.pdf
"Paloma Creek Chicken
Ventures, LLC","Paloma Creek Chicken
Ventures, LLC","26735 U.S. Hwy 380 E, Aubrey, TX",(972) 347-9988,"info@palomacreekchicken
venturesllc.com",,https://www.floretflowers.com/directory/; https://www.mamalycha.com/es/store-locator; https://www.scribd.com/document/297172212/SVA-Continuing-Education-Bulletin
"Montemayor G.C., LLC","Montemayor G.C., LLC","2172 N. Jupiter, Garland, TX",(972) 495-5555,info@montemayorg.c.llc.com,https://www.linkedin.com/in/gerardo-montemayor-6b425b67,https://www.linkedin.com/in/gerardo-montemayor-6b425b67; https://www.linkedin.com/in/frank-montemayor-17181313; https://www.linkedin.com/company/city-of-garland
"Paris Foods, LLC","Paris Foods, LLC","1210 Lamar Avenue, Paris, TX",(903) 737-1971,info@parisfoodsllc.com,https://www.linkedin.com/company/paris-foods,https://www.linkedin.com/company/paris-foods; https://www.linkedin.com/company/paris-foods-company; https://www.linkedin.com/jobs/view/maintenance-manager-at-ametsa-packaging-llc-4224010628
"Burleson GC, LLC","Burleson GC, LLC","1601 SW Wilshire Blvd., Burleson, TX",(817) 426-1234,info@burlesongcllc.com,https://www.linkedin.com/company/burleson-construction-incorporated,https://www.linkedin.com/company/burleson-construction-incorporated; https://www.linkedin.com/in/cole-langham-553089a4; https://www.linkedin.com/company/burleson-construction
"G.C. Houston – Bissonet
2016, Ltd.","G.C. Houston – Bissonet
2016, Ltd. LLC","12180 Bissonnet Street, Houston, TX",(281) 965-3717,"info@g.c.houston–bissonet
2016ltd..com",https://www.linkedin.com/in/brady-long-830b893,https://www.linkedin.com/in/brady-long-830b893; https://www.linkedin.com/in/jeff-miller-b391a372; https://www.linkedin.com/in/lavonneburke
"Alton Food Enterprises,
LLC","Alton Food Enterprises,
LLC","200 S. Alton Blvd, Alton, TX",(956) 585-9800,"info@altonfoodenterprises
llc.com",https://www.linkedin.com/in/alton-anderson-a6782a16b,https://www.linkedin.com/in/alton-anderson-a6782a16b; https://www.linkedin.com/in/alton-bradshaw-cfs; https://www.linkedin.com/in/vincent-alton-7027b392
"Krum Chicken Venture #3,
LLC","Krum Chicken Venture #3,
LLC","1101 East McCart Street, Krum, TX",(940) 482-0151,"info@krumchickenventure#3
llc.com",https://www.linkedin.com/in/theresa-hood-5b0aa52b0,https://www.linkedin.com/in/theresa-hood-5b0aa52b0; https://www.linkedin.com/in/beau-kidwell; https://www.linkedin.com/in/brett-hansel-18496ab2
"Kramer, Margie","Kramer, Margie LLC","405 W. 4th, Cameron, TX",(254) 697-2000,info@kramermargie.com,https://www.linkedin.com/in/margie-cameron-17545977,https://www.linkedin.com/in/margie-cameron-17545977; https://www.linkedin.com/pub/dir/Margie/Kramer; https://www.linkedin.com/in/margaret-kramer-337a6419
"Country Chicken, LLC","Country Chicken, LLC","117 West IH 30, Royse City, TX",(972) 635-2397,info@countrychickenllc.com,https://in.linkedin.com/company/countrychickenco,https://in.linkedin.com/company/countrychickenco; https://www.linkedin.com/jobs/view/restaurant-general-manager-at-southern-multifoods-inc-4217770856; https://ph.linkedin.com/pub/dir/Regenald/+
"Bo Stover Elgin-Giddings,
LLC","Bo Stover Elgin-Giddings,
LLC","407 W. Hwy 290, Elgin, TX",(512) 285-2484,"info@bostoverelgin-giddings
llc.com",https://www.linkedin.com/pub/dir/Bo/Stover,https://www.linkedin.com/pub/dir/Bo/Stover; https://www.linkedin.com/in/bo-stover-54582226; https://www.linkedin.com/in/gwsiii
"Best of Cluck, LLC","Best of Cluck, LLC","5580 S. Buckner Blvd., Dallas, TX",(214) 321-3555,info@bestofcluckllc.com,https://www.linkedin.com/company/best-of-cluck-llc,https://www.linkedin.com/company/best-of-cluck-llc; https://at.linkedin.com/company/best-of-cluck-llc; https://kr.linkedin.com/company/best-of-cluck-llc?trk=similar-pages_result-card_full-click
"Bo Stover Lockhart, LLC","Bo Stover Lockhart, LLC","640 S. Colorado, Lockhart, TX",(512) 398-4442,info@bostoverlockhartllc.com,https://www.linkedin.com/pub/dir/Bo/Stover,https://www.linkedin.com/pub/dir/Bo/Stover; https://www.linkedin.com/in/bo-stover-54582226; https://www.linkedin.com/pub/dir/Bo/Lockhart/us-0-United-States
"Kess Management
Corporation","Kess Management
Corporation LLC","179 N. Valley Parkway, Lewisville, TX",(972) 436-2400,"info@kessmanagement
corporation.com",https://www.linkedin.com/company/emsmc,https://www.linkedin.com/company/emsmc; https://www.linkedin.com/in/matthew-kess; https://ph.linkedin.com/company/mcs360?trk=public_profile_experience-item_profile-section-card_subtitle-click
"B & C Chicken, LLC","B & C Chicken, LLC","400 E. Florida, Midland, TX",(432) 247-1206,info@b&cchickenllc.com,https://www.linkedin.com/posts/chicken-salad-chick_october-is-for-openings-chicken-salad-activity-7254545816835543040-qjlz,https://www.linkedin.com/posts/chicken-salad-chick_october-is-for-openings-chicken-salad-activity-7254545816835543040-qjlz; https://www.linkedin.com/in/liz-sevcik-6ba78a46; https://www.bonchon.com/
"Itasca Express Mart, Inc.","Itasca Express Mart, Inc.","1201 South Files, Itasca, TX",(254) 337-8600,info@itascaexpressmartinc..com,https://www.linkedin.com/in/dave-mangat-98b9a883,https://www.linkedin.com/in/dave-mangat-98b9a883; https://www.linkedin.com/jobs/view/cdl-a-lease-purchase-truck-driver-at-hurricane-express-inc-4254701173; https://www.linkedin.com/company/express-mart-stores
"Nam’s Family, Inc.","Nam’s Family, Inc.","9531 CF Hawn Freeway, Dallas, TX",(214) 309-9493,info@nam’sfamilyinc..com,https://www.linkedin.com/in/minwoo-nam,https://www.linkedin.com/in/minwoo-nam; https://www.linkedin.com/in/nam-c-97b34a65; https://www.linkedin.com/in/greg-azar-6544624
"Irving Foods, LLC","Irving Foods, LLC","2520 N. Story Rd., Irving, TX",(469) 284-5600,info@irvingfoodsllc.com,https://www.linkedin.com/company/cacique,https://www.linkedin.com/company/cacique; https://www.linkedin.com/company/melindasfoods; https://www.linkedin.com/company/chaac-foods-restaurants
"Hagan, John","Hagan, John LLC","307 NE Georgia, Sweetwater, TX",(325) 236-6283,info@haganjohn.com,https://www.linkedin.com/in/john-hagan-55249773,https://www.linkedin.com/in/john-hagan-55249773; https://www.linkedin.com/in/john-hagan-0a640867; https://www.linkedin.com/in/john-hagan-9a0b544a
"Morium Enterprise, Inc.","Morium Enterprise, Inc.","5032 Preston Road, Frisco, TX",(214) 705-0107,info@moriumenterpriseinc..com,https://www.linkedin.com/company/moriom-water-solution,https://www.linkedin.com/company/moriom-water-solution; https://www.linkedin.com/in/nancyvanscoy-lifetimelearner; https://www.linkedin.com/in/marium-mustafa-63aa93111
"G.C. Dallas – Stemmons
2015, Ltd.","G.C. Dallas – Stemmons
2015, Ltd. LLC","8260 N. Stemmons, Dallas, TX",(214) 579-9994,"info@g.c.dallas–stemmons
2015ltd..com",https://www.linkedin.com/company/isn,https://www.linkedin.com/company/isn; https://www.linkedin.com/company/cmts-llc; https://www.linkedin.com/company/sure-insurance
"Hagan, John","Hagan, John LLC","3339 Knickerbocker, San Angelo, TX",(325) 224-0905,info@haganjohn.com,https://www.linkedin.com/in/microrna,https://www.linkedin.com/in/microrna; https://www.linkedin.com/in/john-hagan-8415a449; https://www.linkedin.com/in/john-hagan-1597a85a
Humera Ali,Humera Ali LLC,"6340 N. Josey Lane, Lewisville, TX",(214) 469-2420,info@humeraali.com,https://www.linkedin.com/in/humera-ali-29859063,https://www.linkedin.com/in/humera-ali-29859063; https://www.linkedin.com/pub/dir/Humera/Ali; https://www.linkedin.com/pub/dir/Humera/Ali/us-0-United-States
"Bo Stover Elgin-Giddings,
LLC","Bo Stover Elgin-Giddings,
LLC","615 E. Austin, Giddings, TX",(979) 542-0803,"info@bostoverelgin-giddings
llc.com",https://www.linkedin.com/pub/dir/Bo/Stover,https://www.linkedin.com/pub/dir/Bo/Stover; https://www.linkedin.com/in/bo-stover-54582226; https://www.linkedin.com/in/gwsiii
"Bo Stover LaGrange, LLC","Bo Stover LaGrange, LLC","312 E. Travis, LaGrange, TX",(979) 968-8939,info@bostoverlagrangellc.com,https://www.linkedin.com/pub/dir/Bo/Stover,https://www.linkedin.com/pub/dir/Bo/Stover; https://www.gsa.gov/small-business/register-your-business/subcontracting-and-other-partnerships; https://www.linkedin.com/in/bo-stover-54582226
"Nerway Fried Chicken,
Inc.","Nerway Fried Chicken,
Inc.","2760 E. Trinity Mills Road, # 200, Carrollton, TX",(469) 986-1024,"info@nerwayfriedchicken
inc..com",https://www.linkedin.com/in/dasia-crowley-643036142,https://www.linkedin.com/in/dasia-crowley-643036142; https://www.linkedin.com/company/roy-rogers-restaurants-plamondon-enterprises-inc; https://www.linkedin.com/in/timothy-stroud-772173127
"G.C. Ft. Worth-Renaissance 2016, Ltd.","G.C. Ft. Worth-Renaissance 2016, Ltd. LLC","2820 E. Berry Street, Fort Worth, TX",(682) 841-0278,info@g.c.ft.worth-renaissance2016ltd..com,https://www.linkedin.com/in/phillippefalkner,https://www.linkedin.com/in/phillippefalkner; https://www.linkedin.com/in/mcginnisglenn; https://www.marriott.com/en-us/hotels/dfwdt-the-worthington-renaissance-fort-worth-hotel/dining/
"Fried Right, LLC","Fried Right, LLC","1207 East Wise, Bowie, TX",(940) 872-8877,info@friedrightllc.com,https://www.linkedin.com/in/tate-tomlin-09619a1b1,https://www.linkedin.com/in/tate-tomlin-09619a1b1; https://www.linkedin.com/in/steve-hale-35a28661; https://www.irs.gov/individuals/international-taxpayers/acceptance-agents-texas
"Bo Stover Belton, LLC","Bo Stover Belton, LLC","610 E. 6^{th} Street, Belton, TX",(254) 939-1672,info@bostoverbeltonllc.com,https://www.linkedin.com/pub/dir/Bo/Stover,https://www.linkedin.com/pub/dir/Bo/Stover; https://www.linkedin.com/in/bo-stover-54582226; https://www.adsc-iafd.com/about-us/board-of-directors/
"Crowley GC, LLC","Crowley GC, LLC","820 S Crowley Rd, Crowley, TX",(817) 297-2456,info@crowleygcllc.com,https://www.linkedin.com/company/crowley,https://www.linkedin.com/company/crowley; https://www.crowley.com/; https://www.linkedin.com/in/donald-crowley-ba145531
"Belajai Enterprise, Inc.","Belajai Enterprise, Inc.","6100 Independence Parkway, Plano, TX",(972) 618-0928,info@belajaienterpriseinc..com,https://www.linkedin.com/in/balaji-raman-6377a16,https://www.linkedin.com/in/balaji-raman-6377a16; https://in.linkedin.com/in/balaji-srinivasan-b4623668; https://mz.linkedin.com/pub/dir/Abdul+%E2%98%81/Latif
"FranBrands, Inc.","FranBrands, Inc.","8910 Westheimer Rd., Houston, TX",(832) 968-3000,info@franbrandsinc..com,https://www.linkedin.com/company/fransmart,https://www.linkedin.com/company/fransmart; https://www.linkedin.com/in/fran-rolon-1104a722; https://www.linkedin.com/company/commercial-brands
"G.C. Mesquite-Davis
2015, Ltd.","G.C. Mesquite-Davis
2015, Ltd. LLC","1001 E. Davis Street, Mesquite, TX",(972) 329-8222,"info@g.c.mesquite-davis
2015ltd..com",https://www.linkedin.com/in/michael-kirk-79277011,https://www.linkedin.com/in/michael-kirk-79277011; https://www.linkedin.com/in/kathydavis1; https://www.linkedin.com/in/jim-read-820a32111
"Delano & Delano, Ltd.","Delano & Delano, Ltd. LLC","610 Indian Trail, Harker Heights, TX",(254) 690-4433,info@delano&delanoltd..com,https://www.linkedin.com/in/tanner-delano-63501712b,https://www.linkedin.com/in/tanner-delano-63501712b; https://uk.linkedin.com/in/paulabarbier; https://www.linkedin.com/in/alyse-hughes-93a28921
"GC Restaurants SA, LLC","GC Restaurants SA, LLC","4110 Foster Road, San Antonio, TX",(210) 661-6758,info@gcrestaurantssallc.com,https://www.linkedin.com/in/jorge-merendon-25803815,https://www.linkedin.com/in/jorge-merendon-25803815; https://www.linkedin.com/company/golfcluboftexas-sanantonio; https://www.linkedin.com/in/joe-g-76059a156
"G.C. Lancaster 2014, Ltd.","G.C. Lancaster 2014, Ltd. LLC","1444 W. Pleasant Run, Lancaster, TX",(972) 227-1851,info@g.c.lancaster2014ltd..com,https://www.linkedin.com/company/city-of-lancaster-tx,https://www.linkedin.com/company/city-of-lancaster-tx; https://www.linkedin.com/in/gary-l-lancaster; https://www.linkedin.com/jobs/view/gc-pro-logistics-coordinator-at-the-guitar-center-company-4181979151
"Best of Cluck, LLC","Best of Cluck, LLC","1232 Robert B. Cullum Blvd., Dallas, TX",(214) 421-6000,info@bestofcluckllc.com,https://www.linkedin.com/company/best-of-cluck-llc,https://www.linkedin.com/company/best-of-cluck-llc; https://at.linkedin.com/company/best-of-cluck-llc; https://uy.linkedin.com/company/best-of-cluck-llc
"Dharma Foods, LLC","Dharma Foods, LLC","3121 Regency Lane, Denison, TX",(903) 337-1634,info@dharmafoodsllc.com,https://www.linkedin.com/in/sajib-singha-215b4133,https://www.linkedin.com/in/sajib-singha-215b4133; https://www.viewpointscreening.com/; https://hub.aashe.org/browse/?tagfilter=food-donation
"GMG Food Management,
LLC","GMG Food Management,
LLC","1144 East Airport Blvd, #700, Austin, TX",(512) 927-1000,"info@gmgfoodmanagement
llc.com",https://www.linkedin.com/company/gmg-group/,https://www.linkedin.com/company/gmg-group/; https://www.linkedin.com/company/greenmg; https://www.linkedin.com/company/gmculinary
"G.C. Garland 2014, Ltd.","G.C. Garland 2014, Ltd. LLC","2702 Lavon Drive, Garland, TX",(972) 905-5160,info@g.c.garland2014ltd..com,https://www.linkedin.com/company/the-garland-company-inc-,https://www.linkedin.com/company/the-garland-company-inc-; https://www.linkedin.com/jobs/view/senior-sql-database-administrator-at-optomi-4179425085; https://www.linkedin.com/company/garlandservicecompany
"Oceanwide Holdings, LLC","Oceanwide Holdings, LLC","211 Pelham Road, Greenville, TX",(864) 520-1885,info@oceanwideholdingsllc.com,https://www.linkedin.com/company/oceanwide-texas-inc,https://www.linkedin.com/company/oceanwide-texas-inc; https://www.linkedin.com/company/oceanwidecrew; https://www.linkedin.com/in/justin-han-b3b06375
"BQF Operations, LLC","BQF Operations, LLC","151 S. Henry Hynds Expwy, Van Alstyne, TX",(903) 482-4160,info@bqfoperationsllc.com,https://www.linkedin.com/company/lacorenutra,https://www.linkedin.com/company/lacorenutra; https://www.linkedin.com/in/scott-meaders-03aa6434; https://www.linkedin.com/in/kimberlybowen
"Lucel Enterprises, Inc.","Lucel Enterprises, Inc.","525 East Highway 83, La Joya, TX",(956) 584-1432,info@lucelenterprisesinc..com,https://www.linkedin.com/company/lucelsolutions,https://www.linkedin.com/company/lucelsolutions; https://www.linkedin.com/company/miraenterprises-inc; https://www.linkedin.com/in/claudia-alanis-3b36b7237
ISOSA Inc.,ISOSA Inc.,"1100 E. Pleasant Run Rd. # 300, Desoto, TX",(469) 530-5525,info@isosainc..com,https://www.linkedin.com/jobs/view/travel-home-health-physical-therapy-assistant-%241-790-per-week-at-remoteworker-us-4259618472,https://www.linkedin.com/jobs/view/travel-home-health-physical-therapy-assistant-%241-790-per-week-at-remoteworker-us-4259618472; https://www.linkedin.com/in/hyginus-nwagu-5587a113; https://www.linkedin.com/in/jeremypiper1
"Jensen’s Golden Goodness
Corp.","Jensen’s Golden Goodness
Corp. LLC","3965 S. Lake Forest Dr., McKinney, TX",(972) 369-7388,"info@jensen’sgoldengoodness
corp..com",https://www.linkedin.com/in/debbie-jensen-55120214,https://www.linkedin.com/in/debbie-jensen-55120214; https://www.linkedin.com/in/mary-wilson-b8808560; https://pa.linkedin.com/company/bravarooftile
287 Exxon Mini Mart Inc.,287 Exxon Mini Mart Inc.,"1201 MLK Freeway, Fort Worth, TX",(817) 744-7918,info@287exxonminimartinc..com,,
"CCC Restaurant
Corporation","CCC Restaurant
Corporation LLC","14501 Trinity Blvd, Suite 501, Fort Worth, TX",(817) 684-7618,"info@cccrestaurant
corporation.com",https://www.linkedin.com/company/cooper-jensen-contractors,https://www.linkedin.com/company/cooper-jensen-contractors; https://sv.linkedin.com/company/cooper-jensen-contractors; https://www.linkedin.com/company/cotton-patch-cafe
"Food Trio, Inc.","Food Trio, Inc.","3044 North Josey Lane, Carrollton, TX",(972) 492-6600,info@foodtrioinc..com,https://www.linkedin.com/jobs/view/driver-dot-at-trio-community-meals-4256492582,https://www.linkedin.com/jobs/view/driver-dot-at-trio-community-meals-4256492582; https://www.linkedin.com/jobs/view/food-service-worker-at-sodexo-4257459330; https://www.linkedin.com/company/trio-food
ISOSA Inc.,ISOSA Inc.,"601 E. Ennis Avenue, Ennis, TX",(972) 878-0049,info@isosainc..com,https://www.linkedin.com/company/ennis-inc.,https://www.linkedin.com/company/ennis-inc.; https://my.linkedin.com/company/isonas-security-systems; https://www.scribd.com/document/501577180/Payors-Data-for-I-Network-Mailer-Campion
ISOSA Incorporated,ISOSA Incorporated,"2253 S. Buckner Blvd., Dallas, TX",(972) 275-5757,info@isosaincorporated.com,https://www.linkedin.com/company/arcosa-inc,https://www.linkedin.com/company/arcosa-inc; https://www.linkedin.com/company/powered-by-triumph; https://www.linkedin.com/company/comerica-bank
"Hagan, John","Hagan, John LLC","1901 Hutchings Avenue, Ballinger, TX",(325) 365-2646,info@haganjohn.com,https://www.linkedin.com/pub/dir/John/Ballinger,https://www.linkedin.com/pub/dir/John/Ballinger; https://bankersdigest.com/tag/jacob-hagan/; https://www.nelsonmullins.com/professionals?limit=1045
"Country Chicken, LLC","Country Chicken, LLC","1943 N. Kings Highway, Nash, TX",(903) 255-7494,info@countrychickenllc.com,https://in.linkedin.com/company/countrychickenco,https://in.linkedin.com/company/countrychickenco; https://www.linkedin.com/company/daveshotchicken; https://www.linkedin.com/company/chestersintl
GJJ LLC,GJJ LLC,"2520 N. Story Road, Irving, TX",(469) 284-5600,info@gjjllc.com,https://www.linkedin.com/in/jim-pisoni-bb23a028,https://www.linkedin.com/in/jim-pisoni-bb23a028; https://www.linkedin.com/company/gj-cloudsolutions; https://www.linkedin.com/in/ryan-young-insurance
Ben-Brac Ltd.,Ben-Brac Ltd. LLC,"201 North Green Street, Caldwell, TX",(979) 567-9460,info@ben-bracltd..com,https://www.linkedin.com/in/ben-caldwell-9298975b,https://www.linkedin.com/in/ben-caldwell-9298975b; https://www.linkedin.com/pub/dir/Ben/Caldwell/us-0-United-States; https://www.linkedin.com/in/ben-caldwell-a222b448
MRN Food Services LLC,MRN Food Services LLC,"14430 Marsh Lane, Addison, TX",(972) 406-9799,info@mrnfoodservicesllc.com,https://www.linkedin.com/in/natalie-montemayor-95086917,https://www.linkedin.com/in/natalie-montemayor-95086917; https://www.linkedin.com/company/redemptionroadfoods; https://www.linkedin.com/company/jake's-finer-foods
"Hatcher, R.D.","Hatcher, R.D. LLC","1910 Avenue F Northwest, Childress, TX",(940) 937-6869,info@hatcherr.d..com,https://www.linkedin.com/pub/dir/Ronald/Hatcher,https://www.linkedin.com/pub/dir/Ronald/Hatcher; https://www.linkedin.com/in/brittany-varner-bb9479162; https://www.linkedin.com/in/jerry-jurado-59081712
"Austin Fast Food
Management, Ltd.","Austin Fast Food
Management, Ltd. LLC","7107 Highway 71 West, Austin, TX",(512) 288-3949,"info@austinfastfood
managementltd..com",https://www.linkedin.com/in/john-shinski-b5188426,https://www.linkedin.com/in/john-shinski-b5188426; https://www.linkedin.com/jobs/view/service-leader-at-chipotle-mexican-grill-4260009994; https://www.linkedin.com/in/elissa-hill-6a6320169
"GC Restaurants SA, LLC","GC Restaurants SA, LLC","4315 South Gevers, San Antonio, TX",(210) 532-2037,info@gcrestaurantssallc.com,https://www.linkedin.com/company/golfcluboftexas-sanantonio,https://www.linkedin.com/company/golfcluboftexas-sanantonio; https://www.linkedin.com/company/steak-n-shake; https://www.linkedin.com/in/joe-g-76059a156
ISOSA Inc.,ISOSA Inc.,"901 W. 7^{th} Street, Corsicana, TX",(903) 872-2888,info@isosainc..com,https://www.linkedin.com/in/cody-york-7106281a2,https://www.linkedin.com/in/cody-york-7106281a2; https://www.linkedin.com/in/adrianne-ward-85bb98b4; https://www.linkedin.com/in/william-youst
"G.C. Ft. Worth – Craig
2016, Ltd.","G.C. Ft. Worth – Craig
2016, Ltd. LLC","5701 Craig Street, Fort Worth, TX",(817) 653-7111,"info@g.c.ft.worth–craig
2016ltd..com",https://www.linkedin.com/in/craig-harroff-76107,https://www.linkedin.com/in/craig-harroff-76107; https://www.linkedin.com/in/craig-p-barbolla; https://www.linkedin.com/in/craig-bagley-08aba68b
"GC Restaurants SA, LLC","GC Restaurants SA, LLC","14427 Hwy. 87, Lavernia, TX",(830) 779-2184,info@gcrestaurantssallc.com,https://www.linkedin.com/company/golden-corral,https://www.linkedin.com/company/golden-corral; https://www.linkedin.com/company/elpx-restaurant-group; https://www.linkedin.com/company/diversified-restaurant-group
A&A Jet Investments LLC,A&A Jet Investments LLC,"106 S. Cockrell Hill Road, Desoto, TX",(972) 223-6346,info@a&ajetinvestmentsllc.com,https://www.linkedin.com/in/daveupdike,https://www.eeoc.gov/initiatives/e-race/significant-eeoc-racecolor-casescovering-private-and-federal-sectors; https://legacy.trade.gov/mas/ian/etca/tg_ian_002196.asp; https://www.linkedin.com/in/daveupdike
"Bo Stover Gonzales, Inc.","Bo Stover Gonzales, Inc.","223 ½ N. Saint Joseph St., Gonzales, TX",(830) 672-8343,info@bostovergonzalesinc..com,https://www.linkedin.com/in/bo-stover-54582226,https://www.linkedin.com/in/bo-stover-54582226; https://www.linkedin.com/in/bo-gonzalez-0538826; https://www.linkedin.com/pub/dir/Bo/Stover
"Hagan, John","Hagan, John LLC","2602 Sherwood Way, San Angelo, TX",(325) 224-0805,info@haganjohn.com,https://www.linkedin.com/in/john-hagan-8415a449,https://www.linkedin.com/in/john-hagan-8415a449; https://www.linkedin.com/in/john-hagen-a5b89969; https://www.linkedin.com/in/john-hagan-1597a85a
"AIG-S Foods Enterprises,
LLC","AIG-S Foods Enterprises,
LLC","1112 West Washington, Stephenville, TX",(254) 965-2474,"info@aig-sfoodsenterprises
llc.com",https://www.linkedin.com/in/shahzad-ghafoor-mba-b52a1823,https://www.linkedin.com/in/shahzad-ghafoor-mba-b52a1823; https://www.linkedin.com/company/aig; https://www.linkedin.com/company/mb-sentinel-enterprises-llc
"MURPHYWYLIEGC
LLC","MURPHYWYLIEGC
LLC","305 East FM 544, Suite 901, Murphy, TX",(972) 423-2442,"info@murphywyliegc
llc.com",https://www.linkedin.com/company/murphy-legal,https://www.linkedin.com/company/murphy-legal; https://www.linkedin.com/in/james-murphy-63375819; https://www.linkedin.com/in/brockmurphylaw
"Delano & Delano, Ltd.","Delano & Delano, Ltd. LLC","1610 South Ft Hood Street, Killeen, TX",(254) 554-7939,info@delano&delanoltd..com,https://www.linkedin.com/in/delano-armstrong-b562022a5,https://www.linkedin.com/in/delano-armstrong-b562022a5; https://www.linkedin.com/in/delano-criss-469b9a284; https://www.linkedin.com/in/marchello-delano
KY Frontier LLC,KY Frontier LLC,"17858 Preston Road, Dallas, TX",(972) 930-0318,info@kyfrontierllc.com,https://www.linkedin.com/company/frontierseniorliving,https://www.linkedin.com/company/frontierseniorliving; https://www.linkedin.com/in/k-c-hustad-0818144; https://www.linkedin.com/in/todd-payne-b97833a1
"G.C. Ft. Worth –
Renaissance 2016, Ltd.","G.C. Ft. Worth –
Renaissance 2016, Ltd. LLC","2820 E. Berry Street, Fort Worth, TX",(682) 841-0278,"info@g.c.ft.worth–
renaissance2016ltd..com",https://www.linkedin.com/company/the-worthington-renaissance-fort-worth-hotel,https://www.linkedin.com/company/the-worthington-renaissance-fort-worth-hotel; https://www.linkedin.com/in/phillippefalkner; https://www.linkedin.com/in/mcginnisglenn
ISOSA Inc.,ISOSA Inc.,"7979 S. Hampton Rd., Dallas, TX",(972) 780-9000,info@isosainc..com,https://www.linkedin.com/company/texas2036,https://www.linkedin.com/company/texas2036; https://www.linkedin.com/company/trinity-industries; https://www.linkedin.com/company/rave-restaurant-group-inc-
"First Momentum
Enterprises, LLC","First Momentum
Enterprises, LLC","1400 Turner Warnell Road, Mansfield, TX",(817) 473-4300,"info@firstmomentum
enterprisesllc.com",https://www.linkedin.com/in/shawn-gambrell-6a9171129,https://www.linkedin.com/in/shawn-gambrell-6a9171129; https://www.linkedin.com/company/firstmomentum; https://www.linkedin.com/in/john-hardee
"New Era Assets, Inc.","New Era Assets, Inc.","1800 South Cooper, Arlington, TX",(817) 795-9400,info@neweraassetsinc..com,https://www.linkedin.com/company/new-era-asset-management-llc,https://www.linkedin.com/company/new-era-asset-management-llc; https://www.linkedin.com/company/trueaero; https://www.linkedin.com/in/bruce-popko-68a1614
"Bruno Acquisitions, LLC","Bruno Acquisitions, LLC","688 Las Palmas Blvd., Cotulla, TX",(830) 483-9269,info@brunoacquisitionsllc.com,https://lu.linkedin.com/pub/dir/Gabe/Castaneda,https://lu.linkedin.com/pub/dir/Gabe/Castaneda; https://www.uscis.gov/sites/default/files/document/data/h-1b-fy09%20counts-employers.csv
"McAllen GC, LLC","McAllen GC, LLC","4501 N. 23^{rd}, McAllen, TX",(956) 631-2544,info@mcallengcllc.com,https://www.linkedin.com/company/city-of-mcallen-tx,https://www.linkedin.com/company/city-of-mcallen-tx; https://www.linkedin.com/jobs/view/field-sales-representative-at-gc-america-4260610344; https://www.linkedin.com/company/mcallenconstruction
"GC Restaurants SA, LLC","GC Restaurants SA, LLC","11207 Potranco Road, San Antonio, TX",(210) 679-0675,info@gcrestaurantssallc.com,https://www.linkedin.com/company/golfcluboftexas-sanantonio,https://www.linkedin.com/company/golfcluboftexas-sanantonio; https://www.linkedin.com/in/joe-g-76059a156; https://www.linkedin.com/company/steak-n-shake
"G.C. Garland-IH 30 2015,
Ltd.","G.C. Garland-IH 30 2015,
Ltd. LLC","430 E. IH 30, Garland, TX",(972) 807-6721,"info@g.c.garland-ih302015
ltd..com",https://www.linkedin.com/in/rebeccajapineda,https://www.linkedin.com/in/rebeccajapineda; https://www.linkedin.com/in/fernando-padilla; https://www.linkedin.com/in/lindseywhiteside
"AIG Foods Enterprises,
LLC","AIG Foods Enterprises,
LLC","663 West Commerce, Brownwood, TX",(325) 643-5533,"info@aigfoodsenterprises
llc.com",https://www.linkedin.com/in/shahzad-ghafoor-mba-b52a1823,https://www.linkedin.com/in/shahzad-ghafoor-mba-b52a1823; https://www.linkedin.com/company/canidae; https://www.linkedin.com/in/james-tidwell-ab29851b8
"G.C. Ft. Worth – Altamesa
2016, Ltd.","G.C. Ft. Worth – Altamesa
2016, Ltd. LLC","3001 Altamesa Blvd., Fort Worth, TX",(817) 294-5200,"info@g.c.ft.worth–altamesa
2016ltd..com",,https://www.mapquest.com/us/texas/g-c-ft-worth-altamesa-2016-ltd-379974609
"Bo Stover Enterprises, Inc.","Bo Stover Enterprises, Inc.","405 FM 685, Hutto, TX",(512) 846-2312,info@bostoverenterprisesinc..com,https://www.linkedin.com/in/bo-stover-54582226,https://www.linkedin.com/in/bo-stover-54582226; https://www.linkedin.com/pub/dir/Bo/Stover; https://www.linkedin.com/in/gwsiii
"GC @ Spears Road, LLC","GC @ Spears Road, LLC","2824 Spears Road, Houston, TX",(832) 955-1549,info@gc@spearsroadllc.com,https://www.linkedin.com/company/gc-squared-resources-llc,https://www.linkedin.com/company/gc-squared-resources-llc; https://www.linkedin.com/in/sarah-spears-423554221?trk=people-guest_people_search-card; https://www.linkedin.com/company/iea-inc.
"Bartosh, Katelyn","Bartosh, Katelyn LLC","2738 Woodland Drive, Pleasanton, TX",(210) 844-1483,info@bartoshkatelyn.com,,https://clustrmaps.com/person/Bartosh-bgjfb9; https://www.zabasearch.com/people/timothy-bartosh/; https://www.whitepages.com/name/Katelyn-Carrasco/TX
"Silguero Enterprises, LLC","Silguero Enterprises, LLC","622 West Avenue J, Robstown, TX",(361) 767-8625,info@silgueroenterprisesllc.com,https://www.linkedin.com/in/robert-silguero-b45690102,https://www.linkedin.com/in/robert-silguero-b45690102; https://www.linkedin.com/in/abel-silguero-27b2843b; https://www.linkedin.com/in/jose-silguero-94534194
"Pointbreak Ventures, Inc.","Pointbreak Ventures, Inc.","616 Stassney, Austin, TX",(512) 445-4242,info@pointbreakventuresinc..com,https://www.linkedin.com/company/point-rider-capital,https://www.linkedin.com/company/point-rider-capital; https://www.linkedin.com/in/mariah-harvey-brown-25851b131; https://www.linkedin.com/in/don-grier
"MURPHYWYLIEGC
LLC","MURPHYWYLIEGC
LLC","501 South State Hwy 78, Wylie, TX",(972) 442-2339,"info@murphywyliegc
llc.com",,
"Powell, Clint","Powell, Clint LLC","300 North Alamo, Refugio, TX",(361) 526-5122,info@powellclint.com,https://www.linkedin.com/in/clint-powell-2135178,https://www.linkedin.com/in/clint-powell-2135178; https://www.linkedin.com/pub/dir/Clint/Powell; https://www.linkedin.com/in/clint-powell-75275837
RDR Investments GP,RDR Investments GP LLC,"1702 Richmond Rd., Texarkana, TX",(903) 255-0573,info@rdrinvestmentsgp.com,https://www.linkedin.com/company/rrcu-financial-services,https://www.linkedin.com/company/rrcu-financial-services; https://www.linkedin.com/company/thearnoldcompanies; https://www.linkedin.com/company/carroll-advisory
"SLV Golden, LP","SLV Golden, LP LLC","3113 Northeast 2nd Street, Mineral Wells, TX",(940) 325-2974,info@slvgoldenlp.com,https://www.linkedin.com/jobs/view/expeditor-oncor-at-pike-corporation-4250816464,https://www.linkedin.com/jobs/view/expeditor-oncor-at-pike-corporation-4250816464; https://www.linkedin.com/in/quinn-robinson-6786ba53; https://acp.copernicus.org/articles/24/6883/2024/
"SABA Automotive, LLC","SABA Automotive, LLC","491 East Princeton Drive, Princeton, TX",(972) 734-6943,info@sabaautomotivellc.com,https://www.linkedin.com/in/brandi-bizzle-b93b16114,https://www.linkedin.com/in/brandi-bizzle-b93b16114; https://www.linkedin.com/company/saba-motors; https://www.linkedin.com/in/chris-saba-78b03bb2
"RUYI, Inc.","RUYI, Inc.","202 South Cedar Ridge Drive, Duncanville, TX",(972) 298-1010,info@ruyiinc..com,https://www.linkedin.com/company/ruyigroup/,https://www.linkedin.com/company/ruyigroup/; https://www.salary.com/job/ruyi-incorporated/assistant-manager/j202301260325123844037; https://www.career.com/job/ruyi-incorporated/cashier/j202211141818013358273
"L&P Franchising, Ltd.","L&P Franchising, Ltd. LLC","830 Rebel Road, Kyle, TX",(512) 268-8174,info@l&pfranchisingltd..com,https://www.linkedin.com/in/paul-terry-98002081,https://www.linkedin.com/in/paul-terry-98002081; https://www.linkedin.com/pub/dir/Paul/Terry/us-0-United-States; https://www.linkedin.com/jobs/view/director-of-operations-at-texas-disposal-systems-4258765488
TAWARA Corporation,TAWARA Corporation LLC,"200 Corsicana Highway, Hillsboro, TX",(254) 582-2147,info@tawaracorporation.com,https://www.linkedin.com/showcase/tawara-inc/,https://www.linkedin.com/showcase/tawara-inc/; https://www.linkedin.com/in/ankittiwari88; https://www.linkedin.com/in/brittany-kempf-198981177
"TCM Foods, LLC","TCM Foods, LLC","2600 West Euless Blvd., Euless, TX",(817) 545-8000,info@tcmfoodsllc.com,https://www.linkedin.com/jobs/view/shift-manager-at-southern-multifoods-inc-4257311249,https://www.linkedin.com/jobs/view/shift-manager-at-southern-multifoods-inc-4257311249; https://www.linkedin.com/jobs/view/restaurant-general-manager-at-southern-multifoods-inc-4257307737; https://www.linkedin.com/jobs/view/merchandiser-specialist-at-acosta-group-4254476019
"RD Family Food Services,
LLC","RD Family Food Services,
LLC","1517 East End Blvd., Marshall, TX",(903) 972-2400,"info@rdfamilyfoodservices
llc.com",https://www.linkedin.com/in/brandon-eller-61bab8bb,https://www.linkedin.com/in/brandon-eller-61bab8bb; https://www.linkedin.com/in/michael-streb-6b4a271b; https://www.conagrabrands.com/
"Pilot Point Chicken
Venture #1, LLC","Pilot Point Chicken
Venture #1, LLC","790 South Highway 377, Pilot Point, TX",(940) 686-0254,"info@pilotpointchicken
venture#1llc.com",,https://www.localprofile.com/real-estate/pilot-point-growth-denton-county-10731540
"Taves Enterprises, LLC","Taves Enterprises, LLC","5125 Buffalo Gap Road, Abilene, TX",(325) 793-9242,info@tavesenterprisesllc.com,https://www.linkedin.com/pub/dir/+/Taves/us-0-United-States,https://www.linkedin.com/pub/dir/+/Taves/us-0-United-States; https://www.linkedin.com/in/vernonlkury; https://www.linkedin.com/company/sarey-enterprises-llc-dba-alliance-mortgage-group
"Taves Enterprises, LLC","Taves Enterprises, LLC","3889 North 1st Street, Abilene, TX",(325) 672-4110,info@tavesenterprisesllc.com,https://www.linkedin.com/pub/dir/+/Taves/us-0-United-States,https://www.linkedin.com/pub/dir/+/Taves/us-0-United-States; https://www.linkedin.com/in/vernonlkury; https://www.linkedin.com/company/mass-enterprises-llc
"Powell, Clint","Powell, Clint LLC","235 North St Mary’s, Beeville, TX",(361) 358-5525,info@powellclint.com,https://www.linkedin.com/in/clint-powell-2135178,https://www.linkedin.com/in/clint-powell-2135178; https://www.linkedin.com/pub/dir/Clint/Powell; https://www.linkedin.com/in/clint-beasley-64624b18
"SNB Group, LLC","SNB Group, LLC","1218 IH 30, Greenville, TX",(903) 455-8195,info@snbgroupllc.com,https://www.linkedin.com/company/snb-group-vietnam,https://www.linkedin.com/company/snb-group-vietnam; https://www.linkedin.com/jobs/view/part-time-fulfillment-associate-flexible-at-lowe-s-companies-inc-4258372492; https://www.linkedin.com/in/kelley-kolar-bb721b15
"Tender Lovers, LLC","Tender Lovers, LLC","3507 McCann, Longview, TX",(903) 757-2828,info@tenderloversllc.com,https://www.linkedin.com/in/cristy-christian-202216178,https://www.linkedin.com/in/cristy-christian-202216178; https://www.linkedin.com/in/terry-spencer-80a4a8174; https://www.linkedin.com/in/timothy-rens-b8055a13
"TCM Foods, LLC","TCM Foods, LLC","740 Airport Freeway, Hurst, TX",(817) 510-3333,info@tcmfoodsllc.com,https://www.linkedin.com/jobs/view/hr-coordinator-at-impact-merchant-group-4166212646?refId=bpCeYhATxc%2BfzYyYYT2Tow%3D%3D&trackingId=Ru19hQlHjpa8IXL%2FGAE2nA%3D%3D,https://www.linkedin.com/jobs/view/hr-coordinator-at-impact-merchant-group-4166212646?refId=bpCeYhATxc%2BfzYyYYT2Tow%3D%3D&trackingId=Ru19hQlHjpa8IXL%2FGAE2nA%3D%3D; https://www.linkedin.com/in/sindee-fregon-714b1433; https://www.linkedin.com/in/george-hurst-40285895
AKS Food Corporation,AKS Food Corporation LLC,"300 North Bell, Denton, TX",(940) 898-1000,info@aksfoodcorporation.com,https://www.linkedin.com/company/ach-food-companies,https://www.linkedin.com/company/ach-food-companies; https://www.linkedin.com/in/kharwat; https://www.linkedin.com/in/benjamin-nichols-ab880a103
Hometown Eateries LLC,Hometown Eateries LLC,"618 North Main Street, Hennessey, OK",(405) 853-2445,info@hometowneateriesllc.com,https://www.linkedin.com/company/hometown-food-company,https://www.linkedin.com/company/hometown-food-company; https://ca.linkedin.com/company/hometowneats; https://www.idcrawl.com/jeff-tippett
"GC Guthrie Oklahoma,
Inc.","GC Guthrie Oklahoma,
Inc.","2629 E Oklahoma Avenue, Guthrie, OK",(405) 260-1702,"info@gcguthrieoklahoma
inc..com",https://www.linkedin.com/company/guthriejobcorpscenter,https://www.linkedin.com/company/guthriejobcorpscenter; https://www.linkedin.com/in/castle-steve; https://www.linkedin.com/jobs/integrity-jobs-guthrie-ok
"The Golden Menorah,
LLC","The Golden Menorah,
LLC","26210 Canyon Golf Road, San Antonio, TX",(210) 481-9098,"info@thegoldenmenorah
llc.com",https://my.linkedin.com/company/golden-manor,https://my.linkedin.com/company/golden-manor; https://www.linkedin.com/in/lily-dominguez-2a09301b5; https://www.linkedin.com/in/lauradokken
"WGG, INC.","WGG, INC. LLC","2500 Williams Drive, Georgetown, TX",(512) 863-7230,info@wgginc..com,https://www.linkedin.com/company/egg-inc,https://www.linkedin.com/company/egg-inc; https://www.linkedin.com/in/miki-wright-5061a534; https://www.linkedin.com/jobs/view/general-manager-at-eggs-up-grill-4222139026
"Venture Foods, LLC","Venture Foods, LLC","524 N. Loop 340, Bellmead, TX",(254) 870-0027,info@venturefoodsllc.com,https://www.linkedin.com/company/ventura-foods,https://www.linkedin.com/company/ventura-foods; https://www.linkedin.com/in/hunter-pettijohn-7915311b1; https://www.linkedin.com/in/jon-allen-29097a20
"Pointbreak Ventures, Inc.","Pointbreak Ventures, Inc.","101 East Martin Luther King, San Marcos, TX",(512) 392-9584,info@pointbreakventuresinc..com,https://www.linkedin.com/in/christina-bau-304a093,https://www.linkedin.com/in/christina-bau-304a093; https://www.linkedin.com/company/true-wind-capital; https://www.linkedin.com/in/diego-valdovinos-7806351a3
Golden Operating Corporation,Golden Operating Corporation LLC,"2089 N. Beltline Blvd., Columbia, SC",,info@goldenoperatingcorporation.com,https://www.linkedin.com/in/jon-davis-b81149a2,https://www.linkedin.com/in/jon-davis-b81149a2; https://www.linkedin.com/jobs/view/systems-architect-at-golden-technology-4259909481; https://www.linkedin.com/company/golden
"RUYI, Inc.","RUYI, Inc.","3330 Broadway, Garland, TX",(972) 840-6060,info@ruyiinc..com,https://www.linkedin.com/company/ruyigroup/,https://www.linkedin.com/company/ruyigroup/; https://www.linkedin.com/in/ruyiren; https://www.linkedin.com/in/brandon-abeare-043656b8
"WGG, INC.","WGG, INC. LLC","1010 Austin Avenue, Georgetown, TX",(512) 863-5451,info@wgginc..com,https://www.linkedin.com/company/egg-inc,https://www.linkedin.com/company/egg-inc; https://www.linkedin.com/in/miki-wright-5061a534; https://www.linkedin.com/in/paul-exley-586a5b8a
CC Stirling Ventures,CC Stirling Ventures LLC,"275 Hwy 90 E., Hondo, TX",(830) 426-4000,info@ccstirlingventures.com,https://www.linkedin.com/company/cc-stirling-ventures,https://www.linkedin.com/company/cc-stirling-ventures; https://www.linkedin.com/jobs/view/guest-service-provider-at-cc-stirling-ventures-4214114209; https://www.linkedin.com/jobs/cc-stirling-ventures-jobs-worldwide?f_C=4814653&trk=top-card_top-card-primary-button-top-card-primary-cta
"Venture Foods, LLC","Venture Foods, LLC","1036 Patrick Street, Dublin, TX",(254) 445-1922,info@venturefoodsllc.com,https://www.linkedin.com/company/ventura-foods,https://www.linkedin.com/company/ventura-foods; https://www.linkedin.com/posts/tyler-bindi_just-listed-golden-chick-1036-n-patrick-activity-7275932875277967361-nVNM; https://www.linkedin.com/in/jeffamulligan
Tijara Enterprises LLC,Tijara Enterprises LLC,"3071 W. Northwest Hwy, Dallas, TX",(469) 620-1350,info@tijaraenterprisesllc.com,https://www.linkedin.com/in/shahzar-mirza-b71185195,https://www.linkedin.com/in/shahzar-mirza-b71185195; https://www.linkedin.com/in/bruno-cheron; https://www.linkedin.com/company/tps-talent-llc
"RUYI, Inc.","RUYI, Inc.","4525 Gus Thomason Road, Mesquite, TX",(972) 613-6300,info@ruyiinc..com,https://www.linkedin.com/company/ruyigroup/,https://www.linkedin.com/company/ruyigroup/; https://www.career.com/job/ruyi-incorporated/assistant-manager/j202211141817587107293; https://il.linkedin.com/company/ruyigroup
"89th Enterprises, LLC","89th Enterprises, LLC","11301 Westmark Dr., Yukon, OK",(405) 824-8351,info@89thenterprisesllc.com,https://www.linkedin.com/in/franklin-truong-99b8781a8,https://www.linkedin.com/in/franklin-truong-99b8781a8; https://de.linkedin.com/company/89-energy-holdings-llc; https://www.linkedin.com/company/89-energy-holdings-llc
"89th Enterprises, LLC","89th Enterprises, LLC","12320 N. Macarthur Boulevard, Oklahoma City, OK",(405) 824-8351,info@89thenterprisesllc.com,https://www.linkedin.com/in/franklin-truong-99b8781a8,https://www.linkedin.com/in/franklin-truong-99b8781a8; https://www.linkedin.com/company/89-energy-holdings-llc; https://de.linkedin.com/company/89-energy-holdings-llc
"GC Restaurants SA, LLC","GC Restaurants SA, LLC","2503 SE Military Drive, San Antonio, TX",(210) 560-0924,info@gcrestaurantssallc.com,https://www.linkedin.com/company/golfcluboftexas-sanantonio,https://www.linkedin.com/company/golfcluboftexas-sanantonio; https://www.linkedin.com/in/joe-g-76059a156; https://www.linkedin.com/company/churchstexaschicken
"G.C. Dallas – NW
Highway 2015, Ltd.","G.C. Dallas – NW
Highway 2015, Ltd. LLC","11805 E. Northwest Highway, Dallas, TX",(469) 458-3114,"info@g.c.dallas–nw
highway2015ltd..com",https://www.linkedin.com/company/isn,https://www.linkedin.com/company/isn; https://www.linkedin.com/in/marielena-hurtado-003486100; https://www.linkedin.com/in/stephen-graham-53b98b32
"Venture Foods, LLC","Venture Foods, LLC","5010 S. Hwy 360, Grand Prairie, TX",(214) 235-0096,info@venturefoodsllc.com,https://www.linkedin.com/company/ventura-foods,https://www.linkedin.com/company/ventura-foods; https://www.linkedin.com/jobs/view/customer-service-manager-at-ventura-foods-4227364288; https://www.linkedin.com/in/chris-cassout-70495814
"Crescent Star Foods (PVT)
Limited","Crescent Star Foods (PVT)
Limited LLC","81 Y-Block, Commercial Zone
DHA, Lahore, PK",92-423-569-4717,"info@crescentstarfoods(pvt)
limited.com",https://pk.linkedin.com/company/cstarfoods,https://pk.linkedin.com/company/cstarfoods; https://pk.linkedin.com/in/shakeel-ali-15b694242; https://pk.linkedin.com/in/saqib-zaidi-322a2914
Golden Operating Corporation,Golden Operating Corporation LLC,"1590 Chestnut Street, Orangeburg, SC",,info@goldenoperatingcorporation.com,https://www.linkedin.com/in/connie-johnson-656114195,https://www.linkedin.com/in/connie-johnson-656114195; https://www.linkedin.com/in/james-johnson-a0a3b1a; https://www.linkedin.com/in/shane-d-8804b047?trk=public_profile_browsemap_profile-result-card_result-card_full-click
LMSA LLC,LMSA LLC,"2111 NW 23^{rd} Street, Oklahoma City, OK",(405) 528-9191,info@lmsallc.com,https://www.linkedin.com/company/latino-student-medical-association,https://www.linkedin.com/company/latino-student-medical-association; https://www.linkedin.com/in/jeremy-smith-96413833; https://www.linkedin.com/company/continental-resources-2
Golden Operating Corporation,Golden Operating Corporation LLC,"118 Rolling Hills Circle, Easley, SC",,info@goldenoperatingcorporation.com,https://www.linkedin.com/jobs/view/director-of-contract-operations-at-ey-4254388991,https://www.linkedin.com/jobs/view/director-of-contract-operations-at-ey-4254388991; https://www.linkedin.com/jobs/view/restaurant-kitchen-manager-at-atlanta-swim-academy-4073771953; https://www.linkedin.com/in/kevin-simpson-09a361aa
"Y&I Restaurants, Inc.","Y&I Restaurants, Inc.","728 East Main, Uvalde, TX",(830) 591-1300,info@y&irestaurantsinc..com,,
"Anointed Restaurants,
LLC","Anointed Restaurants,
LLC","807 Broad Street, Sumter, SC",(803) 774-7780,"info@anointedrestaurants
llc.com",https://www.linkedin.com/in/tia-lawson-311100193,https://www.linkedin.com/in/tia-lawson-311100193; https://www.idcrawl.com/carmela-williams
"GFC Lease III, Inc.","GFC Lease III, Inc.","1906 West Broadway, Sulphur, OK",,info@gfcleaseiiiinc..com,https://www.linkedin.com/company/gfc-leasing---a-division-of-the-gordon-flesh-company,https://www.linkedin.com/company/gfc-leasing---a-division-of-the-gordon-flesh-company; https://www.linkedin.com/in/tyler-hatten-b923bb148; https://www.zabasearch.com/people/robb-d/
C C Stirling Ventures,C C Stirling Ventures LLC,"508 North Oak XFR 6-1-14, Pearsall, TX",(830) 334-2025,info@ccstirlingventures.com,https://www.linkedin.com/company/cc-stirling-ventures,https://www.linkedin.com/company/cc-stirling-ventures; https://www.linkedin.com/in/caleb-stirling-3518ba92; https://www.linkedin.com/jobs/view/food-prep-at-cc-stirling-ventures-4107075016
"WGG, INC.","WGG, INC. LLC","1103 West Pecan, Pflugerville, TX",(512) 251-3648,info@wgginc..com,https://www.linkedin.com/in/erin-varney-7b0014a9,https://www.linkedin.com/in/erin-varney-7b0014a9; https://www.linkedin.com/jobs/view/host-hostess-at-eggs-up-grill-4219241306; https://www.linkedin.com/company/egg-inc
"Yara Masri Management
Company","Yara Masri Management
Company LLC","2887 Ovilla Road, Ovilla, TX",(469) 552-6558,"info@yaramasrimanagement
company.com",https://www.linkedin.com/pub/dir/Yara/Masri,https://www.linkedin.com/pub/dir/Yara/Masri; https://ps.linkedin.com/in/yara-masri-822849a7; https://www.linkedin.com/pub/dir/Yara/Al+Masri
Waldron Enterprises LLC,Waldron Enterprises LLC,"4400 Golden Triangle Blvd., Fort Worth, TX",(817) 482-1177,info@waldronenterprisesllc.com,https://www.linkedin.com/in/kenzie-waldron-66abb7360,https://www.linkedin.com/in/kenzie-waldron-66abb7360; https://www.linkedin.com/in/alexis-waldron-41b91761; https://www.linkedin.com/in/chris-waldron-5a598426a
Golden Operating Corporation,Golden Operating Corporation LLC,"16740 Hillcrest Road, Dallas, TX",,info@goldenoperatingcorporation.com,https://www.linkedin.com/in/sesibel-cazares-73aa1b187,https://www.linkedin.com/in/sesibel-cazares-73aa1b187; https://www.linkedin.com/in/stephen-rogan-05b02a86; https://www.linkedin.com/in/latricia-kelly-430563370
GC Ponca City LLC,GC Ponca City LLC,"2224 N. 14^{th} Street, Ponca City, OK",(580) 762-4425,info@gcponcacityllc.com,https://www.linkedin.com/in/samuel-pettit-b49952303,https://www.linkedin.com/in/samuel-pettit-b49952303; https://www.linkedin.com/in/candace-green-2a70a5184; https://www.linkedin.com/in/todd-looper-bb3a76102
"LSL, Inc.","LSL, Inc.","5610 West Owen K Garriott, Ste.
A, Enid, OK",(580) 233-9996,info@lslinc..com,https://www.linkedin.com/company/lsl-healthcare-llc,https://www.linkedin.com/company/lsl-healthcare-llc; https://www.linkedin.com/company/precision-wireline-llc; https://www.linkedin.com/in/matt-landwehr-51b5811a
"Ashraf, LLC","Ashraf, LLC","1613 North Rockwell Avenue, Oklahoma City, OK",(405) 470-3636,info@ashrafllc.com,https://www.linkedin.com/in/zubair-ashraf-137300135,https://www.linkedin.com/in/zubair-ashraf-137300135; https://www.linkedin.com/pub/dir/Abdullah/Ashraf/us-0-United-States; https://www.linkedin.com/pub/dir/Mohammad/Ashraf/us-0-United-States
"Lovern, Sam","Lovern, Sam LLC","202 North Van Buren, Enid, OK",(580) 234-9996,info@lovernsam.com,https://www.linkedin.com/in/samlovern,https://www.linkedin.com/in/samlovern; https://www.linkedin.com/in/samuel-lorenzen-213459219; https://www.linkedin.com/pub/dir/Samantha/Lovern/us-0-United-States
"GFC Lease III, Inc.","GFC Lease III, Inc.","1022 Highway 377 North, Whitesboro, TX",,info@gfcleaseiiiinc..com,https://www.linkedin.com/company/gfc-leasing---a-division-of-the-gordon-flesh-company,https://www.linkedin.com/company/gfc-leasing---a-division-of-the-gordon-flesh-company; https://www.linkedin.com/in/june-havekost-07275026; https://www.linkedin.com/in/rachel-baroth-245b392a
"Anointed Restaurants 2,
LLC","Anointed Restaurants 2,
LLC","482 W. Boyce Street, Manning, SC",(803) 825-0010,"info@anointedrestaurants2
llc.com",,
"Tender Lovers, LLC","Tender Lovers, LLC","638 West Broad, Mineola, TX",(903) 569-0404,info@tenderloversllc.com,https://www.linkedin.com/in/bill-fry-21364046,https://www.linkedin.com/in/bill-fry-21364046; https://www.linkedin.com/in/vicki-toland-9a28bb134; https://www.linkedin.com/in/brianna-riddle-4031811b6
"Isenhour Management,
Inc.","Isenhour Management,
Inc.","501 Avenue F, Del Rio, TX",(830) 775-2442,"info@isenhourmanagement
inc..com",https://www.linkedin.com/in/joshua-guevara-8270bb239,https://www.linkedin.com/in/joshua-guevara-8270bb239; https://www.linkedin.com/in/melissa-t-wong-308286252; https://www.linkedin.com/in/juanita-mendoza-373a492a9
Golden Operating Corporation,Golden Operating Corporation LLC,"147 S. Ron McNair Boulevard, Lake City, SC",,info@goldenoperatingcorporation.com,https://www.linkedin.com/in/dave-lyons-8501b1169,https://www.linkedin.com/in/dave-lyons-8501b1169; https://www.linkedin.com/in/johnnie-hardy-95245234; https://www.linkedin.com/in/sheryl-golden-3b59276
Golden Operating Corporation,Golden Operating Corporation LLC,"2409 2th Street, Wichita Falls, TX",,info@goldenoperatingcorporation.com,https://www.linkedin.com/company/golden-chick,https://www.linkedin.com/company/golden-chick; https://www.linkedin.com/company/cityofwichitafalls; https://www.linkedin.com/in/john-golden-4750966a
"S. De Oro Ventures, LLC","S. De Oro Ventures, LLC","3138 South Padre Island Dr., Corpus Christi, TX",(361) 442-2146,info@s.deoroventuresllc.com,https://www.linkedin.com/in/nathan-weaver-74a37233,https://www.linkedin.com/in/nathan-weaver-74a37233; https://www.linkedin.com/in/titanoftech; https://www.linkedin.com/company/base4-ventures
Amanah LLC,Amanah LLC,"11121 N. May Avenue, Oklahoma City, OK",(450) 252-4115,info@amanahllc.com,https://www.linkedin.com/company/amanah-global-studi-llc,https://www.linkedin.com/company/amanah-global-studi-llc; https://www.linkedin.com/company/cityofokc; https://www.linkedin.com/in/yenrin-amanah-jr-378033a1
Golden Operating Corporation,Golden Operating Corporation LLC,"2616 Southwest Parkway, Wichita Falls, TX",,info@goldenoperatingcorporation.com,https://www.linkedin.com/company/golden-chick,https://www.linkedin.com/company/golden-chick; https://www.linkedin.com/in/john-golden-4750966a; https://www.linkedin.com/company/cityofwichitafalls
"Xelsior Industries, LLC","Xelsior Industries, LLC","3710 W. Hwy 98, Panama City, FL",(850) 481-8641,info@xelsiorindustriesllc.com,https://www.linkedin.com/in/ericjmcowan,https://www.linkedin.com/in/ericjmcowan; https://www.linkedin.com/in/stanley-vuong; https://www.linkedin.com/in/kristina-mccall-15484b65
Golden Operating Corporation,Golden Operating Corporation LLC,"1101 North Main, Weatherford, TX",,info@goldenoperatingcorporation.com,https://www.linkedin.com/company/weatherford,https://www.linkedin.com/company/weatherford; https://www.linkedin.com/in/dana-ashton-a08b783a; https://www.linkedin.com/in/andy-herring-baa47995
"GCFM, LLC","GCFM, LLC","4150 Justin Road, # 120, Flower Mound, TX",(940) 241-2499,info@gcfmllc.com,https://www.linkedin.com/in/mary-hudelson-m-d-27b49b21,https://www.linkedin.com/in/mary-hudelson-m-d-27b49b21; https://www.linkedin.com/in/lisa-robinson-b3212515; https://www.linkedin.com/in/jennifer-logan-86779579
"ISOSA, Inc.","ISOSA, Inc.","1061 E. Main Street, Midlothian, TX",(469) 612-5211,info@isosainc..com,https://www.linkedin.com/in/kevin-hornby-7750668b,https://www.linkedin.com/in/kevin-hornby-7750668b; https://www.linkedin.com/in/vernonfranklin; https://www.linkedin.com/company/isoi
Best of Cluck LLC,Best of Cluck LLC,"1326 N. Masters Dr., Dallas, TX",(469) 709-8001,info@bestofcluckllc.com,https://www.linkedin.com/company/best-of-cluck-llc,https://www.linkedin.com/company/best-of-cluck-llc; https://at.linkedin.com/company/best-of-cluck-llc; https://kr.linkedin.com/company/best-of-cluck-llc?trk=similar-pages_result-card_full-click
"Serna, Roberto","Serna, Roberto LLC","701 West Zavala, Crystal City, TX",(830) 374-5162,info@sernaroberto.com,https://www.linkedin.com/in/roberto-serna-1282102b7,https://www.linkedin.com/in/roberto-serna-1282102b7; https://lawyers.justia.com/lawyer/roberto-serna-252713; https://www.linkedin.com/in/robert-serna-b9bb21113
"The Chicken & Fish
Depot, LLC","The Chicken & Fish
Depot, LLC","7601 Midcities Blvd., North Richland Hills, TX",(817) 427-5000,"info@thechicken&fish
depotllc.com",https://www.linkedin.com/jobs/view/merchandising-and-inventory-manager-at-petsmart-3906124010,https://www.linkedin.com/jobs/view/merchandising-and-inventory-manager-at-petsmart-3906124010; https://www.linkedin.com/jobs/view/salad-and-sandwich-maker-at-gigs-4241167578; https://www.linkedin.com/jobs/view/salad-and-sandwich-maker-at-gigs-4187510504
"WGG Leander Interests,
Inc.","WGG Leander Interests,
Inc.","901 South US 183, Leander, TX",(512) 528-0341,"info@wggleanderinterests
inc..com",https://www.linkedin.com/company/leandertx,https://www.linkedin.com/company/leandertx; https://www.linkedin.com/in/jos-vermeulen-469aa875; https://www.linkedin.com/in/sunnyadityayadav
"89th Enterprises, LLC","89th Enterprises, LLC","5800 S. Pennsylvania Ave., Oklahoma City, OK",(405) 824-8351,info@89thenterprisesllc.com,https://www.linkedin.com/in/franklin-truong-99b8781a8,https://www.linkedin.com/in/franklin-truong-99b8781a8; https://www.linkedin.com/company/89-energy-holdings-llc; https://de.linkedin.com/company/89-energy-holdings-llc
GC Ponca City LLC,GC Ponca City LLC,"116 E. McElroy, Stillwater, OK",(405) 332-1324,info@gcponcacityllc.com,https://www.linkedin.com/company/city-of-stillwater-oklahoma,https://www.linkedin.com/company/city-of-stillwater-oklahoma; https://www.linkedin.com/in/orlando-gutierrez-31299a204; https://www.linkedin.com/pub/dir/Brad/Rowland/us-0-Estados-Unidos
"Venture Foods, LLC","Venture Foods, LLC","900 S. Carrier Parkway, Grand Prairie, TX",(214) 412-3270,info@venturefoodsllc.com,https://www.linkedin.com/company/ventura-foods,https://www.linkedin.com/company/ventura-foods; https://www.linkedin.com/jobs/view/customer-service-manager-at-ventura-foods-4227364288; https://www.linkedin.com/in/chris-cassout-70495814
Annapurna Food Inc.,Annapurna Food Inc.,"8525 S. Hulen Street, Fort Worth, TX",,info@annapurnafoodinc..com,https://www.linkedin.com/pub/dir/Annapurna/Foods,https://www.linkedin.com/pub/dir/Annapurna/Foods; https://www.linkedin.com/in/donald-wall-41035711; https://www.linkedin.com/company/standard-meat-company
Golden Operating Corporation,Golden Operating Corporation LLC,"11823 Plano Road, Dallas, TX",,info@goldenoperatingcorporation.com,https://www.linkedin.com/in/sesibel-cazares-73aa1b187,https://www.linkedin.com/in/sesibel-cazares-73aa1b187; https://www.linkedin.com/in/stephen-rogan-05b02a86; https://www.linkedin.com/company/golden-chick
Golden Operating Corporation,Golden Operating Corporation LLC,"1504 State Hwy 16, Graham, TX",,info@goldenoperatingcorporation.com,https://www.linkedin.com/in/alex-cisneros-87277a,https://www.linkedin.com/in/alex-cisneros-87277a; https://www.linkedin.com/in/korey-graham-9b6ba9b3; https://www.linkedin.com/company/graham-mortgage-corporation
Golden Operating Corporation,Golden Operating Corporation LLC,"445 West Arapaho Road, Richardson, TX",,info@goldenoperatingcorporation.com,https://www.linkedin.com/in/jay-nash-tharian-01194b51,https://www.linkedin.com/in/jay-nash-tharian-01194b51; https://www.linkedin.com/in/dana-ashton-a08b783a; https://www.linkedin.com/company/golden-chick
"McAllen GC, LLC","McAllen GC, LLC","401 S. Sugar Road, Edinburg, TX",(956) 386-9225,info@mcallengcllc.com,https://www.linkedin.com/company/city-of-mcallen-tx,https://www.linkedin.com/company/city-of-mcallen-tx; https://www.linkedin.com/company/edinburgchamber; https://www.linkedin.com/company/mcallen-roofing
"Crescent Star Foods (PVT)
Limited","Crescent Star Foods (PVT)
Limited LLC","FC-2, 2^{nd} Floor, Dolmen City Mall, Karachi, PK",92-213-529-1441,"info@crescentstarfoods(pvt)
limited.com",https://pk.linkedin.com/company/cstarfoods,https://pk.linkedin.com/company/cstarfoods; https://pk.linkedin.com/in/saqib-zaidi-322a2914; https://pk.linkedin.com/in/majid-qureshi-91b788ba
"GC Restaurants SA, LLC","GC Restaurants SA, LLC","8534 IH 35 South, San Antonio, TX",(210) 932-9663,info@gcrestaurantssallc.com,https://www.linkedin.com/company/golfcluboftexas-sanantonio,https://www.linkedin.com/company/golfcluboftexas-sanantonio; https://www.linkedin.com/in/jorge-merendon-25803815; https://www.linkedin.com/company/landry's-restaurants
Golden Operating Corporation,Golden Operating Corporation LLC,"7990 Macon Hwy, Watkinsville, GA",,info@goldenoperatingcorporation.com,https://www.linkedin.com/company/golden-pantry-food-stores,https://www.linkedin.com/company/golden-pantry-food-stores; https://sv.linkedin.com/company/golden-pantry-food-stores; https://tr.linkedin.com/company/golden-pantry-food-stores
Golden Operating Corporation,Golden Operating Corporation LLC,"414 W. Hwy Street, Iowa Park, TX",,info@goldenoperatingcorporation.com,https://www.linkedin.com/in/david-golden-09970183,https://www.linkedin.com/in/david-golden-09970183; https://www.linkedin.com/in/marc-ditto-917602129; https://www.linkedin.com/in/david-golden-7b8643107
"Hagan, John","Hagan, John LLC","633 W IH20, Colorado City, TX",(325) 728-9373,info@haganjohn.com,https://www.linkedin.com/in/john-hagan-8595562b7,https://www.linkedin.com/in/john-hagan-8595562b7; https://www.linkedin.com/in/john-hagan; https://www.linkedin.com/pub/dir/Hagan/John
Golden Operating Corporation,Golden Operating Corporation LLC,"3900 Jacksboro Hwy, Wichita Falls, TX",,info@goldenoperatingcorporation.com,https://www.linkedin.com/company/golden-chick,https://www.linkedin.com/company/golden-chick; https://www.linkedin.com/in/john-golden-4750966a; https://www.linkedin.com/company/long-john-silver's-llc
"G.C. Wichita Falls -Airport 2017, Ltd.","G.C. Wichita Falls -Airport 2017, Ltd. LLC","2906 Central E Freeway, Wichita Falls, TX",(940) 855-7750,info@g.c.wichitafalls-airport2017ltd..com,https://www.linkedin.com/in/thaddeus-arcinue-jr,https://www.linkedin.com/in/thaddeus-arcinue-jr; https://www.linkedin.com/in/bhavanishankeranumalla; https://www.linkedin.com/in/tricialarsonofafourseasonshome
S & S Fast Foods Inc.,S & S Fast Foods Inc.,"2840 Cleburne Rd., Fort Worth, TX",(817) 920-7516,info@s&sfastfoodsinc..com,https://www.linkedin.com/in/stephanie-crouch-a1658133,https://www.linkedin.com/in/stephanie-crouch-a1658133; https://www.linkedin.com/company/shearer's-foods-inc-; https://www.linkedin.com/in/ashanti-cook-a179a0193
"WGG, INC.","WGG, INC. LLC","400 West Round Rock, Round Rock, TX",(512) 255-0950,info@wgginc..com,https://www.linkedin.com/company/egg-inc,https://www.linkedin.com/company/egg-inc; https://www.linkedin.com/in/morganlogue; https://www.linkedin.com/in/sarah-freitas-90a7272a0
"Crescent Star Foods (PVT)
Ltd.","Crescent Star Foods (PVT)
Ltd. LLC","Kiosk # 10, Sea View DHA, Karachi, PK",923-339-199-5556,"info@crescentstarfoods(pvt)
ltd..com",https://pk.linkedin.com/company/cstarfoods,https://pk.linkedin.com/company/cstarfoods; https://pk.linkedin.com/in/saqib-zaidi-322a2914; https://www.linkedin.com/company/crescentfoods
"RUYI, Inc.","RUYI, Inc.","410 West Kiest Blvd., Dallas, TX",(214) 371-2400,info@ruyiinc..com,https://www.linkedin.com/in/ruyiren,https://www.linkedin.com/in/ruyiren; https://www.linkedin.com/company/ruyigroup/; https://www.linkedin.com/in/ruyi-gaffney-b6628457
"89th Enterprises, LLC","89th Enterprises, LLC","250 South Midwest Blvd, Midwest City, OK",(405) 733-9996,info@89thenterprisesllc.com,https://do.linkedin.com/company/vanco-cogent,https://do.linkedin.com/company/vanco-cogent; https://ec.linkedin.com/company/vanco-cogent; https://ocp.dc.gov/sites/default/files/dc/sites/ocp/publication/attachments/Report%20of%20Contracting%20Activity%20-%20Part%20I%20-%20January%2015%202018_0.pdf
"McAllen GC, LLC","McAllen GC, LLC","1911 North Raul Longoria Road, San Juan, TX",,info@mcallengcllc.com,https://www.linkedin.com/jobs/view/multilingual-interpreter-and-translator-at-global-impact-group-llc-4250371307,https://www.linkedin.com/jobs/view/multilingual-interpreter-and-translator-at-global-impact-group-llc-4250371307; https://www.linkedin.com/jobs/view/customer-service-representative-overnight-full-time-san-juan-international-airport-at-enterprise-4255559087; https://www.linkedin.com/jobs/view/houseperson-at-schulte-hospitality-group-4258306803
TCM Foods LLC,TCM Foods LLC,"700 N. Industrial Blvd., Euless, TX",,info@tcmfoodsllc.com,https://www.linkedin.com/jobs/view/shift-manager-at-southern-multifoods-inc-4257311249,https://www.linkedin.com/jobs/view/shift-manager-at-southern-multifoods-inc-4257311249; https://www.linkedin.com/jobs/view/restaurant-general-manager-at-southern-multifoods-inc-4257307737; https://www.linkedin.com/jobs/view/merchandiser-specialist-at-acosta-group-4254476019
"CC Stirling Ventures, LLC","CC Stirling Ventures, LLC","Junction Highway, Kerrville, TX",,info@ccstirlingventuresllc.com,https://www.linkedin.com/company/cc-stirling-ventures,https://www.linkedin.com/company/cc-stirling-ventures; https://www.linkedin.com/jobs/golden-chick-jobs; https://www.linkedin.com/jobs/view/store-crew-at-7-eleven-4192223754
"G.C. Houston - S Post Oak
2017, Ltd.","G.C. Houston - S Post Oak
2017, Ltd. LLC","13600 S. Post Oak Road, Houston, TX",,"info@g.c.houston-spostoak
2017ltd..com",https://www.linkedin.com/company/franceinhouston,https://www.linkedin.com/company/franceinhouston; https://www.linkedin.com/company/engie-north-america-inc; https://ec.linkedin.com/company/houston-country-club
"Alimentos Integrados, LLC","Alimentos Integrados, LLC","1700 S. Dumas Avenue, Dumas, TX",(806) 421-0579,info@alimentosintegradosllc.com,https://ar.linkedin.com/company/nuestro-queso-llc,https://ar.linkedin.com/company/nuestro-queso-llc; https://es.linkedin.com/company/nuestro-queso-llc?trk=similar-companies_org_title; https://www.linkedin.com/company/ssi-foods-texas
Golden Operating Corporation,Golden Operating Corporation LLC,"10443 N. Central Expressway, Dallas, TX",,info@goldenoperatingcorporation.com,https://www.linkedin.com/in/sesibel-cazares-73aa1b187,https://www.linkedin.com/in/sesibel-cazares-73aa1b187; https://www.linkedin.com/in/stephen-rogan-05b02a86; https://www.linkedin.com/company/golden-chick
"G.C. Plano Independence
2016, Ltd.","G.C. Plano Independence
2016, Ltd. LLC","Independence at Plano Parkway, Plano, TX",,"info@g.c.planoindependence
2016ltd..com",https://www.linkedin.com/in/james-e-montero-0b8557,https://www.linkedin.com/in/james-e-montero-0b8557; https://www.linkedin.com/in/chunlei-zhang-28a0722; https://www.linkedin.com/in/jason-liebert-pe-0b0b655
"Oceanwide Holdings, LLC","Oceanwide Holdings, LLC","211 Pelham Road, Greenville, SC",(864) 520-1885,info@oceanwideholdingsllc.com,https://www.linkedin.com/company/oceanwidecrew,https://www.linkedin.com/company/oceanwidecrew; https://www.linkedin.com/in/justin-han-b3b06375; https://www.linkedin.com/company/oceanwide-texas-inc
"PPA55.B85, LLC","PPA55.B85, LLC","9600 North Lamar XFR 11-1-13, Austin, TX",(512) 873-3336,info@ppa55.b85llc.com,https://www.linkedin.com/company/providence-partners-and-associates,https://www.linkedin.com/company/providence-partners-and-associates; https://www.linkedin.com/in/dale-west-7977b1; https://www.linkedin.com/in/teri-pennington-7a94b0
